{
    "BERT": {
        "accuracy": 0.8560885608856088,
        "precision": 0.732360097323601,
        "recall": 0.6225439503619442,
        "f1": 0.6730016769144773
    },
    "RoBERTa": {
        "accuracy": 0.8580565805658057,
        "precision": 0.7246543778801844,
        "recall": 0.6504653567735263,
        "f1": 0.685558583106267
    }
}